{
    "mse_loss": [
        0.0562245116095271,
        0.022834728357561847,
        0.019775432717875664,
        0.018783669141765692,
        0.01809194574375831,
        0.01748689549809892,
        0.016962122193902557,
        0.016474338753065403,
        0.016055632103052987,
        0.01572213755452145,
        0.01543003292736138,
        0.015175681221743656,
        0.014976506689690475,
        0.014818523738162908,
        0.014692444049301203
    ],
    "l1_loss": [
        63.22748510647006,
        48.074521501626656,
        46.810280961599965,
        44.96715842352973,
        43.38364631994891,
        42.559786374573584,
        42.07672661972789,
        41.81256371957284,
        41.62995277092471,
        41.466202473779866,
        41.295358193083345,
        41.1392169751619,
        40.96898519504837,
        40.79604943407442,
        40.630873124269485
    ],
    "l0_norm": [
        133.3713050529971,
        90.89985380116958,
        90.76108626873173,
        90.0892426786367,
        86.64287223592837,
        83.95244635568957,
        82.2422265244274,
        81.22030050712719,
        80.4914122464364,
        79.96909931621589,
        79.55367238898026,
        79.31259327789961,
        79.28222989385355,
        79.21191168296174,
        79.29512365984405
    ],
    "dead_features": [
        0,
        0,
        0,
        0,
        0,
        0,
        0,
        0,
        0,
        1,
        0,
        4,
        9,
        29,
        68
    ]
}