{
    "final_loss": 0.015961607476990474,
    "loss_history": [
        0.0976531107712094,
        0.04480906437218305,
        0.032546650120883196,
        0.027579864349078248,
        0.02404706292290088,
        0.022032880000987944,
        0.02028828289643017,
        0.01935589611602922,
        0.018437750368845627,
        0.017708057846300317,
        0.017545971939554456,
        0.017059357437444942,
        0.01662680609641891,
        0.016332189895604785,
        0.015961607476990474
    ]
}