{
    "mse_loss": [
        0.16673076445761237,
        0.04520007432664482,
        0.0342708140503145,
        0.029579721951802956,
        0.026918518130929724,
        0.025200458514748267,
        0.023995861935528738,
        0.023090054706028363,
        0.022398559973367208,
        0.02180998334751546,
        0.02131375813296119,
        0.020866385615855746,
        0.02046496701399678,
        0.020110749558193013,
        0.01981033580106439
    ],
    "l1_loss": [
        126.42209958567203,
        72.63517990853022,
        63.906994680756505,
        61.453405991341306,
        60.16697541023921,
        59.235661552947704,
        58.467986171685375,
        57.77644596285033,
        57.09865314520678,
        56.452812046680634,
        55.884626740390814,
        55.408445636045585,
        55.004610598666,
        54.6435485395413,
        54.30752530144256
    ],
    "l0_norm": [
        301.13508324484224,
        161.71842763956312,
        130.44081841626215,
        121.56520687955097,
        117.53027580779732,
        114.78050098604369,
        112.75629788000607,
        111.2154268431432,
        109.87385514638956,
        108.55348812955097,
        107.26143431432038,
        105.98484431887135,
        104.87501896237865,
        103.82009680294296,
        102.90553654050365
    ],
    "dead_features": [
        0,
        0,
        0,
        0,
        0,
        1,
        0,
        2,
        0,
        0,
        1,
        0,
        1,
        0,
        0
    ]
}