{
    "final_loss": 0.02796342695873339,
    "loss_history": [
        0.3967919115302632,
        0.09291369453506562,
        0.06628586945024509,
        0.05575423615360723,
        0.04987847450578097,
        0.04521048437912487,
        0.040061640218623636,
        0.03705078446604673,
        0.03652439065711591,
        0.03299854759090734,
        0.031612973967657505,
        0.030897641934237434,
        0.02980065474160088,
        0.028993351457333102,
        0.02796342695873339
    ]
}